epoch,train_loss,lr,val_loss,val_macro_f1,val_top1,val_balanced_acc,epoch_seconds
1,0.46917910844360183,9.847560975609756e-05,0.2269371912091911,0.8204695807162943,0.8614681519565839,0.809764284185325,85.21847900300054
2,0.23586668027564883,9.709286838710774e-05,0.12351373570096796,0.8914033773287726,0.9168808911739503,0.8653231562616905,81.78544507900006
3,0.16252163786543306,8.850666114421079e-05,0.10808212503522711,0.9014692971860244,0.9240217080834048,0.8829429999181098,88.15523728099834
4,0.1338276846782253,7.527598226952894e-05,0.1536080949966123,0.8850000822606643,0.9000285632676378,0.9162667004647351,90.2630479950003
5,0.09816113682272105,5.899664689937283e-05,0.08614108743083815,0.9277753961549455,0.9425878320479862,0.9431167993867499,83.94918034700095
6,0.07013687297131116,4.1632183136785194e-05,0.05742316225091923,0.9518896832431234,0.9602970579834333,0.9558767462192209,87.48106406799889
7,0.04847835855669961,2.527700158372548e-05,0.06561412092886697,0.9522574455808486,0.961439588688946,0.9373440838553913,88.0886034060004
8,0.035112372956951375,1.1903778512265102e-05,0.0520386819450929,0.9594462244438754,0.9691516709511568,0.9586593663094914,89.1479785119991
9,0.024365016145943295,3.1255219925744096e-06,0.051846227500219534,0.9634715696246836,0.9717223650385605,0.9658763769679515,89.98002474500026
10,0.018442245463564,1.0193141965486596e-09,0.050584411617196616,0.9643800971602248,0.9728648957440731,0.9667233351905185,87.79881863399896
